Feature,Importance
ofi_pca_lagged,0.63370398196482
volume,0.2345544782764126
volatility,0.13174153975876743
