Feature,Importance
ofi_pca_lagged,0.38386479815305385
volume,0.21428347818808272
volatility,0.4018517236588635
