Feature,Importance
ofi_pca_lagged,0.41611198181954573
volume,0.27596854100987805
volatility,0.3079194771705762
