Feature,Importance
ofi_pca_lagged,0.6366031063183256
volume,0.17050044435482448
volatility,0.19289644932684988
