Feature,Importance
ofi_pca_lagged,0.7159363601313519
volume,0.22947653113840893
volatility,0.05458710873023926
